8,CGA3E2X7R1E104K080AA,C1 C2 C5 C6 C7 C8 C9 C10
8,CGA3E1X7R1E105K080AC,C30 C31 C32 C33 C34 C35 C36 C37
8,CL21B475KPFNFNE,C11 C12 C13 C14 C15 C16 C17 C18
3,CL21B106KPQNNWE,C25 C26 C27
1,2-1734839-4,CONN6
1,217179-0001,CONN1
1,73391-0080,CONN5
1,1015,CONN2
1,SM04B-SRSS-TB(LF)(DN)(P),CONN3
1,BC075-08-A-L-A,CONN7
3,MSS1P3HM3_A/H,D1 D2 D3
1,BQ25504RGTR,IC4
4,BR24G1MFVT-5AE2,IC8 IC9 IC10 IC11
1,CP2102N-A02-GQFN24R,IC2
1,MCP73123T-22SI/MF,IC12
1,114993121,IC1
1,USBLC6-2SC6,IC3
1,VLS3010CX-220M-1,L2
1,VLS3010CX-470M-1,L1
1,PJC7400_R1_00001,Q1
3,SI2367DS-T1-GE3,Q2 Q3 Q4
1,RC0603FR-7W330RL,R23
1,SR0603JR-071KL,R3
6,AC0603DR-075K1L,R5 R6 R7 R8 R9 R10
1,CR0603-JW-103ELF,R12
1,AC0603FR-0722K1L,R13
1,AC0603FR-0747K5L,R15
2,AC0603JR-07330KL,R17 R18
1,RC0603FR-071M69L,R2
2,RC0603FR-074M75L,R14 R20
2,CRCW06035M36FKEA,R11 R21
1,RC0603FR-078M45L,R19
1,ERJ-3RQJ2R2V,R1
1,434331045822,SW1
1,SLLB510100,SW2
